{"cameraMode":{"drawMode":0,"name":"Shaded","section":"Shading Mode"},"sceneLighting":true,"audioPlay":false,"sceneViewState":{"m_AlwaysRefresh":false,"showFog":true,"showSkybox":true,"showFlares":true,"showImageEffects":true,"showParticleSystems":true,"showVisualEffectGraphs":true,"m_FxEnabled":true},"in2DMode":false,"pivot":{"x":-21.918413162231447,"y":-50.430992126464847,"z":14.857311248779297},"rotation":{"x":-0.31160983443260195,"y":0.6731418967247009,"z":-0.37918418645858767,"w":-0.5531831979751587},"size":37.86726379394531,"orthographic":false}