{"cameraMode":{"drawMode":0,"name":"Shaded","section":"Shading Mode"},"sceneLighting":true,"audioPlay":false,"sceneViewState":{"m_AlwaysRefresh":false,"showFog":true,"showSkybox":true,"showFlares":true,"showImageEffects":true,"showParticleSystems":true,"showVisualEffectGraphs":true,"m_FxEnabled":true},"in2DMode":false,"pivot":{"x":20.305707931518556,"y":15.712960243225098,"z":-2.1703968048095705},"rotation":{"x":-0.5048014521598816,"y":-0.49518898129463198,"z":0.5035964250564575,"w":-0.49638521671295168},"size":1.0170319080352784,"orthographic":false}