{"cameraMode":{"drawMode":0,"name":"Shaded","section":"Shading Mode"},"sceneLighting":true,"audioPlay":false,"sceneViewState":{"m_AlwaysRefresh":false,"showFog":true,"showSkybox":true,"showFlares":true,"showImageEffects":true,"showParticleSystems":true,"showVisualEffectGraphs":true,"m_FxEnabled":true},"in2DMode":false,"pivot":{"x":1.8758362531661988,"y":0.6400055885314941,"z":1.8703908920288087},"rotation":{"x":0.3245322108268738,"y":0.022962860763072969,"z":-0.007923089899122715,"w":0.9455939531326294},"size":3.28133225440979,"orthographic":false}